{"cameraMode":{"drawMode":0,"name":"Shaded","section":"Shading Mode"},"sceneLighting":true,"audioPlay":false,"sceneViewState":{"showFog":true,"showMaterialUpdate":false,"showSkybox":true,"showFlares":true,"showImageEffects":true,"showParticleSystems":true},"in2DMode":false,"pivot":{"x":-0.0635959655046463,"y":-0.17686991393566132,"z":-0.8457347750663757},"rotation":{"x":-0.5989431738853455,"y":0.014889849349856377,"z":-0.011139948852360249,"w":-0.8005756735801697},"size":21.133766174316408,"orthographic":false}