{"cameraMode":{"drawMode":0,"name":"Shaded","section":"Shading Mode"},"sceneLighting":false,"audioPlay":false,"sceneViewState":{"showFog":true,"showMaterialUpdate":false,"showSkybox":true,"showFlares":true,"showImageEffects":true,"showParticleSystems":true},"in2DMode":false,"pivot":{"x":1.9929754734039307,"y":0.0,"z":7.976291656494141},"rotation":{"x":0.7219175696372986,"y":0.05066316947340965,"z":-0.05315787345170975,"w":0.6880716681480408},"size":4.110892295837402,"orthographic":true}